Country,land_area_km2,Government_Type,birth_rate_per_1000,internet_users_total,unemployment_pct,literacy_rate_pct,co2_total_Mt,gdp_nominal_bil_usd,infant_mortality_per_1000,median_age_years,total_fertility_rate,gdp_growth_rate_pct,government_debt_pct_gdp_pct,co2_intensity_tonnes_per_usd,co2_per_capita_tonnes,pop_density_per_km2,trade_openness_ratio
AFGHANISTAN,652230.0,Theocracy,34.79,7020000.0,13.28,37.3,7.893,20.24,103.06,19.5,4.53,-20.74,7.0,0.00038997,0.201188,60.15,0.42
ALBANIA,27398.0,Republic,12.48,2291000.0,11.82,98.4,3.0,15.27,10.54,34.3,1.55,8.52,84.06,0.00019646,0.967236,113.21,0.89
ALGERIA,2381740.0,Republic,17.84,31240000.0,12.7,81.4,151.0,169.91,19.22,28.9,2.47,3.5,27.5,0.00088871,3.373669,18.79,0.51
ANDORRA,468.0,Democracy,6.87,,14.73,100.0,0.00028,,3.39,46.2,1.46,5.52,141.22,,0.003276,182.62,
ANGOLA,1246700.0,Republic,41.42,11550000.0,8.53,71.1,19.0,97.26,57.2,15.9,5.76,1.1,65.0,0.00019535,0.528052,28.86,0.54
ANTIGUA AND BARBUDA,443.0,Democracy,15.01,89280.0,11.0,99.0,0.729,1.52,13.95,32.7,1.94,5.27,86.8,0.00047961,7.183044,229.09,0.0
ARGENTINA,2736690.0,Republic,15.38,39150000.0,10.9,99.0,193.0,447.47,9.14,32.4,2.17,10.4,57.6,0.00043131,4.13969,17.04,0.36
ARMENIA,28203.0,Democracy,10.8,2212000.0,20.9,99.8,6.0,13.69,11.89,36.6,1.65,5.7,63.4,0.00043828,2.007299,105.98,0.81
AUSTRALIA,7682300.0,Democracy,12.23,22310000.0,5.11,,417.0,1390.79,2.96,37.5,1.73,2.24,69.41,0.00029983,15.758943,3.44,0.5
AUSTRIA,82445.0,Republic,9.39,8276999.0,6.3,,65.0,445.02,3.2,44.5,1.51,4.56,99.91,0.00014606,7.269994,108.45,1.2
AZERBAIJAN,82629.0,Republic,13.2,8600000.0,6.58,99.8,35.0,48.1,22.93,32.6,1.86,5.6,54.1,0.00072765,3.358759,126.11,0.87
"BAHAMAS, THE",10010.0,Democracy,14.49,385400.0,13.24,,3.0,12.16,12.52,32.8,1.97,13.72,84.45,0.00024671,8.368014,35.81,0.67
BAHRAIN,760.0,Monarchy,12.3,1500000.0,1.87,97.5,43.0,38.47,9.98,32.9,1.66,2.23,88.5,0.00111775,27.672558,2044.59,1.63
BANGLADESH,130170.0,Republic,17.5,66300000.0,5.23,74.9,96.0,329.55,29.58,27.9,2.08,6.94,33.1,0.00029131,0.574216,1284.35,0.41
BARBADOS,430.0,Republic,10.73,240800.0,10.41,99.6,1.0,4.99,9.79,39.5,1.7,-0.19,146.93,0.0002004,3.295642,705.65,0.0
BELARUS,202900.0,Republic,8.87,8352000.0,4.74,99.9,54.0,63.17,3.23,40.9,1.52,2.3,33.24,0.00085484,5.754566,46.25,1.5
BELGIUM,30278.0,Democracy,10.86,10920000.0,6.42,,128.0,533.03,3.15,41.6,1.77,6.13,119.43,0.00024014,10.743994,393.47,1.92
BELIZE,22806.0,Democracy,20.93,248000.0,8.22,,0.541,1.85,10.9,23.9,2.59,15.23,99.0,0.00029243,1.290747,18.38,1.24
BENIN,110622.0,Republic,40.72,4420000.0,1.57,45.8,6.0,10.31,54.33,17.0,5.39,7.16,54.6,0.00058196,0.421944,128.55,0.72
BHUTAN,38394.0,Monarchy,15.61,670800.0,4.33,70.9,0.934,2.4,25.61,29.1,1.77,4.09,117.33,0.00038917,1.06599,22.82,0.0
BOLIVIA,1083301.0,Republic,18.08,7920000.0,8.51,92.5,17.0,40.82,22.28,25.3,2.26,6.11,49.0,0.00041646,1.395034,11.25,0.54
BOSNIA AND HERZEGOVINA,51187.0,Republic,8.31,2508000.0,15.22,98.1,16.0,20.08,5.1,43.3,1.37,7.55,46.05,0.00079681,4.201941,74.39,1.13
BOTSWANA,566730.0,Republic,19.95,1924000.0,24.72,88.5,5.0,18.34,24.41,25.7,2.37,11.37,19.66,0.00027263,2.06817,4.27,0.94
BRAZIL,8358140.0,Republic,13.44,140908998.0,14.4,94.3,456.0,1877.94,13.11,33.2,1.75,4.62,100.59,0.00024282,2.085146,26.16,0.33
BRUNEI,5265.0,Monarchy,15.98,441000.0,7.65,97.6,9.0,12.13,10.26,31.1,1.74,-1.59,2.8,0.00074196,18.557045,92.12,1.68
BULGARIA,108489.0,Republic,7.97,5175000.0,5.42,98.4,38.0,68.49,7.82,43.7,1.51,7.63,32.24,0.00055483,5.565534,62.93,1.48
BURKINA FASO,273800.0,Republic,32.71,4840000.0,4.76,46.0,4.0,14.27,48.17,17.9,4.14,6.91,72.53,0.00028031,0.177864,82.14,0.71
BURMA,653508.0,Republic,16.04,23760000.0,2.17,89.1,31.0,76.61,32.2,29.2,2.0,-17.91,33.6,0.00040465,0.534757,88.71,0.57
BURUNDI,25680.0,Republic,34.87,754000.0,1.79,74.7,0.715,3.03,36.75,17.7,4.96,1.8,51.7,0.00023597,0.054319,512.58,0.0
CABO VERDE,4033.0,Republic,18.19,413000.0,15.42,90.8,1.0,1.97,22.96,26.8,2.11,6.95,125.8,0.00050761,1.655901,149.74,0.0
CAMBODIA,176515.0,Monarchy,18.75,10200000.0,0.61,83.9,13.0,22.09,28.75,26.4,2.2,3.03,30.4,0.0005885,0.769629,95.69,2.4
CAMEROON,472710.0,Republic,35.13,12420000.0,3.87,77.1,7.0,,47.4,18.5,4.5,3.65,36.9,,0.232282,63.75,
CANADA,9093507.0,Democracy,10.11,33950632.0,7.51,,612.0,,4.31,41.8,1.57,4.54,72.09,,15.889197,4.24,
CENTRAL AFRICAN REPUBLIC,622984.0,,32.37,605000.0,6.57,37.4,0.285,,81.74,20.0,3.99,0.9,52.9,,0.051331,8.91,
CHAD,1259200.0,Republic,39.85,3060000.0,1.88,26.8,1.0,,63.99,16.1,5.35,-1.2,52.5,,0.053986,14.71,
CHILE,743812.0,Republic,12.57,17100000.0,9.13,97.0,88.0,,6.41,35.5,1.75,11.67,23.6,,4.744074,24.94,
CHINA,9326410.0,Communist,9.69,1010740000.0,5.2,96.8,11535.2,14722.0,6.49,38.4,1.45,3.0,76.9,0.00078353,8.162798,151.52,0.43
COLOMBIA,1038700.0,Republic,15.06,37960000.0,14.34,95.6,81.0,,11.65,31.2,1.94,10.68,90.4,,1.641788,47.5,
COMOROS,2235.0,Republic,22.06,221400.0,9.45,62.0,0.326,,56.01,20.9,2.69,2.11,32.4,,0.366961,397.48,
"CONGO, DEMOCRATIC REPUBLIC OF THE",2267048.0,Republic,39.64,21102720.0,5.43,80.0,2.0,,59.12,16.7,5.56,6.2,18.1,,0.01788,49.34,
"CONGO, REPUBLIC OF THE",341500.0,Republic,31.55,1794390.0,23.01,80.6,4.0,,46.62,19.5,4.32,-2.2,130.8,,0.704536,16.63,
COSTA RICA,318003.0,Republic,27.92,12150000.0,3.47,89.9,11.0,,54.04,20.3,3.47,7.04,47.0,,0.374853,92.28,
CROATIA,55974.0,Republic,8.6,3321000.0,8.68,99.4,16.0,,8.58,43.9,1.46,13.07,104.89,,3.837631,74.49,
CUBA,109820.0,Communist,9.99,7810000.0,2.76,99.7,16.0,,4.07,42.1,1.71,1.25,47.7,,1.456403,100.04,
CYPRUS,9241.0,Republic,10.37,,,99.4,,,8.2,37.9,1.48,,,,,141.56,
CZECHIA,77247.0,Republic,8.43,9130000.0,2.89,99.0,99.0,,2.37,43.3,1.5,3.54,34.7,,9.246942,138.6,
DENMARK,42434.0,Monarchy,11.25,5841000.0,4.8,,33.0,350.04,3.0,42.0,1.77,3.8,35.3,9.427e-05,5.549031,140.15,1.26
DJIBOUTI,23180.0,Republic,22.03,759000.0,28.39,,0.61,3.32,46.02,24.9,2.13,4.81,31.8,0.00018373,0.624908,42.11,3.2
DOMINICA,751.0,Republic,13.64,58320.0,23.0,,0.182,,11.0,34.9,2.01,6.68,82.7,,2.437848,99.41,
DOMINICAN REPUBLIC,48320.0,Republic,20.81,4290000.0,15.73,61.7,3.0,8.61,38.78,24.1,2.39,-1.8,31.1,0.00034843,0.261546,237.38,0.75
ECUADOR,276841.0,Republic,16.19,13680000.0,6.43,94.5,36.0,,17.72,28.8,2.02,4.24,45.4,,2.059105,63.15,
EGYPT,995450.0,Republic,20.48,79200000.0,9.33,73.1,235.0,,17.27,24.1,2.76,3.33,103.0,,2.145203,110.05,
EL SALVADOR,20721.0,Republic,17.49,3969000.0,5.94,89.1,7.0,,11.9,27.7,2.04,10.28,71.41,,1.060225,318.63,
EQUATORIAL GUINEA,28051.0,Republic,29.46,864000.0,9.24,95.3,4.0,,77.85,20.3,4.19,-0.95,37.4,,2.3019,61.95,
ERITREA,101000.0,Republic,26.72,792000.0,8.05,76.6,0.798,,40.63,20.3,3.5,5.0,131.2,,0.127175,62.13,
ESTONIA,42388.0,Republic,8.48,1183000.0,6.33,99.9,4.0,,3.38,43.7,1.62,8.01,23.77,,3.325679,28.38,
ESWATINI,17204.0,Monarchy,22.83,708000.0,25.76,88.4,1.0,,38.12,23.7,2.41,7.88,28.4,,0.884922,65.68,
ETHIOPIA,1096570.0,Republic,29.97,20400000.0,3.69,51.8,16.0,,32.44,19.8,3.92,5.64,31.45,,0.137383,106.21,
FIJI,18274.0,Republic,16.25,500000.0,5.24,99.1,1.0,,9.85,29.9,2.23,-5.11,48.9,,1.055119,51.86,
FINLAND,303815.0,Republic,10.33,5115000.0,7.53,,41.0,,2.11,42.8,1.74,2.1,61.3,,7.302428,18.48,
FRANCE,640427.0,Monarchy,7.1,,8.1,98.6,338.0,2778.0,2.4,46.3,1.29,6.8,123.0,0.00012167,7.157588,73.74,0.41
GABON,257667.0,Republic,25.89,1656000.0,22.26,85.5,2.0,16.06,27.7,21.0,3.26,1.46,62.7,0.00012453,0.834248,9.3,0.99
"GAMBIA, THE",10120.0,Republic,28.03,858000.0,11.21,58.1,0.606,1.75,36.44,21.8,3.66,4.27,88.0,0.00034629,0.245486,243.93,0.0
GEORGIA,69700.0,Republic,10.79,2888000.0,10.66,99.6,10.0,17.69,14.45,38.6,1.75,10.47,65.88,0.00056529,2.025772,70.82,1.09
GERMANY,348672.0,Republic,9.02,79127551.0,3.0,,726.881,4230.0,3.14,47.8,1.58,1.8,63.9,0.00017184,8.630722,241.55,0.82
GHANA,227533.0,Republic,28.04,22440000.0,4.7,79.0,18.0,65.36,31.87,21.4,3.61,5.36,71.8,0.0002754,0.531819,148.75,0.76
GREECE,130647.0,Republic,7.52,7800000.0,14.8,97.9,70.0,209.79,3.49,45.3,1.4,8.43,252.29,0.00033367,6.668194,80.35,0.91
GRENADA,344.0,Democracy,13.61,93600.0,24.0,98.6,0.316,1.12,9.2,33.3,1.92,4.69,70.4,0.00028214,2.764679,332.26,0.0
GUATEMALA,107159.0,Republic,21.88,9180000.0,3.57,83.3,19.0,76.68,25.57,23.2,2.57,7.98,31.56,0.00024778,1.056683,167.8,0.56
GUINEA,245717.0,Republic,35.47,,,45.3,,,48.32,19.1,4.82,,,,,55.38,
GUINEA-BISSAU,28120.0,Republic,36.25,,3.72,52.9,10.0,23.58,47.69,18.0,4.65,6.06,48.3,0.00042409,4.810421,73.93,0.6
GUYANA,196849.0,Republic,16.74,680000.0,16.42,88.8,2.0,3.56,21.63,27.5,2.06,20.06,52.2,0.0005618,2.526085,4.02,3.16
HAITI,27560.0,,22.31,,,61.7,,,38.35,24.1,2.79,,,,,411.27,
HONDURAS,111890.0,Republic,17.64,4800000.0,8.51,88.5,8.0,25.14,14.77,24.4,1.98,12.53,39.5,0.00031822,0.835828,85.54,0.89
HUNGARY,89608.0,Republic,8.58,8633000.0,4.12,99.1,48.0,163.25,4.55,43.6,1.49,7.12,96.11,0.00029403,4.963801,107.91,1.81
ICELAND,100250.0,Republic,12.8,370000.0,5.4,,3.0,24.61,1.63,37.1,1.95,4.4,100.02,0.0001219,8.313197,3.6,0.81
INDIA,2973193.0,Republic,16.53,560000000.0,5.98,74.4,2314.738,2836.0,30.36,28.7,2.07,8.68,46.52,0.0008162,1.654354,470.6,0.48
INDONESIA,1811569.0,Republic,15.05,167400000.0,4.41,96.0,563.0,1119.72,19.31,31.1,1.99,3.69,42.92,0.0005028,2.014482,154.27,0.41
IRAN,1531595.0,Republic,14.79,69520000.0,11.46,88.7,646.0,581.25,14.58,31.7,1.92,4.72,39.5,0.0011114,7.375198,57.19,0.31
IRAQ,437367.0,Republic,24.22,21560000.0,14.19,85.6,143.0,231.99,19.17,21.2,3.17,2.78,27.44,0.00061641,3.465313,94.35,0.56
IRELAND,68883.0,Republic,12.08,4750000.0,6.63,,35.0,398.48,3.41,37.8,1.91,13.59,71.58,8.783e-05,6.574016,77.29,2.9
ISRAEL,21497.0,Democracy,17.3,8010000.0,5.05,97.8,61.0,394.93,3.49,30.4,2.54,8.61,72.6,0.00015446,6.74526,420.68,0.68
ITALY,294140.0,Republic,7.0,44250000.0,9.83,99.2,332.0,2002.76,3.11,46.5,1.24,6.74,131.8,0.00016577,5.440674,207.46,0.66
JAMAICA,10831.0,Democracy,15.77,2296000.0,9.18,88.7,10.0,15.85,10.92,29.4,2.05,4.6,106.28,0.00063091,3.544865,260.45,0.74
JAPAN,364485.0,Monarchy,6.9,116565962.0,2.6,,1135.887,5060.0,1.88,48.6,1.39,1.0,261.3,0.00022448,9.181167,339.44,0.29
JORDAN,88802.0,Monarchy,22.37,9130000.0,19.25,98.4,23.0,44.57,13.56,23.5,2.91,2.23,75.14,0.00051604,2.074555,124.85,0.84
KAZAKHSTAN,2699700.0,Republic,14.92,17290000.0,4.9,99.8,263.0,181.19,18.77,31.6,2.08,4.3,26.63,0.00145151,13.457184,7.24,0.64
KENYA,569140.0,Republic,26.01,15370000.0,5.74,82.6,17.0,95.52,26.94,20.0,3.23,7.52,54.2,0.00017797,0.297974,100.24,0.35
KIRIBATI,811.0,Republic,19.92,70200.0,30.6,,0.076,197.0,32.2,25.7,2.18,1.5,26.3,3.9e-07,0.658739,142.26,1.08
"KOREA, NORTH",120408.0,Other,14.06,,2.59,100.0,18.0,28.0,22.0,34.6,1.89,-1.1,,0.00064286,0.69039,216.53,8.01
"KOREA, SOUTH",96920.0,Republic,6.95,50960000.0,3.53,,686.0,1646.6,2.83,43.2,1.11,4.15,46.43,0.00041662,13.200698,536.18,0.89
KUWAIT,17818.0,Monarchy,17.65,,3.71,96.5,92.0,134.64,7.27,29.7,2.22,-8.86,20.6,0.0006833,29.643186,174.18,0.94
KYRGYZSTAN,191801.0,Republic,19.08,5070000.0,9.1,99.6,7.0,8.44,25.08,27.3,2.47,3.61,72.23,0.00082938,1.143271,31.92,1.1
LAOS,230800.0,Communist,20.35,4588000.0,1.26,87.1,40.0,16.97,36.56,24.0,2.3,2.53,63.6,0.0023571,5.093999,34.02,0.85
LATVIA,62249.0,Republic,8.5,1729000.0,7.6,99.9,8.0,34.08,4.78,44.4,1.55,4.07,36.3,0.00023474,4.391382,29.27,1.52
LEBANON,10230.0,Republic,12.86,4872000.0,14.49,95.1,25.0,53.25,6.88,33.7,1.71,-7.0,146.8,0.00046948,4.689373,521.13,0.52
LESOTHO,30355.0,Monarchy,23.01,1104000.0,24.6,81.0,0.736,2.46,47.04,24.7,2.88,1.35,33.7,0.00029919,0.332934,72.83,1.34
LIBERIA,96320.0,Republic,36.26,1768000.0,4.09,48.3,1.0,3.07,43.2,18.0,4.73,4.99,34.4,0.00032573,0.181611,57.17,0.0
LIBYA,1759540.0,Other,20.88,3095400.0,19.58,91.0,38.0,52.26,10.95,25.8,3.04,31.37,4.7,0.00072713,5.23952,4.12,0.46
LIECHTENSTEIN,160.0,Monarchy,10.3,,5.32,,3.8e-05,,3.98,43.7,1.69,4.22,20.91,,0.00095,249.96,
LITHUANIA,62680.0,,9.09,2436000.0,7.9,99.8,14.0,54.6,3.61,44.5,1.61,5.98,53.28,0.00025641,5.271571,42.37,1.9
LUXEMBOURG,2586.0,Monarchy,11.59,633600.0,5.23,,11.0,71.09,3.21,39.5,1.63,5.1,23.0,0.00015473,16.643366,255.58,4.59
MADAGASCAR,581540.0,Republic,28.14,5800000.0,2.59,77.3,4.0,13.96,38.27,20.3,3.55,4.4,36.0,0.00028653,0.13883,49.54,0.58
MALAWI,94080.0,Republic,27.29,4800000.0,7.02,67.3,1.0,7.77,32.68,16.8,3.3,2.75,44.89,0.0001287,0.046993,226.19,0.66
MALAYSIA,328657.0,Monarchy,14.39,32979999.0,4.61,95.0,254.0,364.63,6.49,29.2,1.74,3.09,62.03,0.0006966,7.422565,104.12,1.34
MALDIVES,298.0,Republic,15.33,447200.0,6.08,97.9,2.0,4.5,25.02,29.5,1.7,41.75,63.9,0.00044444,5.133892,1307.28,1.66
MALI,1220190.0,Republic,40.54,7480000.0,7.72,35.5,5.0,17.51,58.99,16.0,5.45,3.05,35.4,0.00028555,0.234085,17.51,0.66
MALTA,316.0,Republic,9.59,461100.0,3.5,94.9,9.0,14.99,4.45,42.3,1.51,10.3,50.7,0.0006004,19.266255,1478.28,2.9
MARSHALL ISLANDS,181.0,Other,21.61,16254.0,36.0,98.3,0.2937,,21.13,23.8,2.72,1.11,41.71,,3.627449,447.33,
MAURITANIA,1030700.0,Republic,27.61,2714000.0,11.46,67.0,4.0,706.0,49.95,21.0,3.46,2.45,96.6,5.67e-06,0.942312,4.12,0.01
MAURITIUS,2030.0,Republic,9.82,,,92.2,,,11.84,36.3,1.35,,,,,645.05,
MEXICO,1943945.0,Republic,13.95,98800000.0,4.38,95.2,463.0,1269.96,12.0,29.3,1.73,4.72,54.3,0.00036458,3.564952,66.81,0.84
"MICRONESIA, FEDERATED STATES OF",702.0,Republic,18.12,44000.0,16.2,,0.177,,21.37,26.3,2.22,-3.19,25.4,,1.764372,142.9,
MOLDOVA,32891.0,Republic,9.94,1891000.0,3.96,99.6,8.0,11.98,11.38,37.7,1.59,13.94,33.01,0.00066778,2.461136,98.83,1.01
MONACO,2.0,Monarchy,6.61,31820.0,2.0,,,6.01,1.75,55.4,1.53,21.55,,,,15798.5,0.0
MONGOLIA,1553556.0,Republic,15.37,2772000.0,7.08,99.2,22.0,11.14,19.77,29.8,1.89,1.64,73.94,0.00197487,6.757861,2.1,1.63
MONTENEGRO,13452.0,Republic,11.04,516600.0,18.49,99.0,2.0,5.49,3.2,39.6,1.81,12.43,67.2,0.0003643,3.319805,44.78,1.12
MOROCCO,716300.0,Monarchy,17.1,32560000.0,11.47,75.9,60.0,118.86,18.73,29.1,2.27,7.93,65.1,0.0005048,1.618672,51.75,0.9
MOZAMBIQUE,786380.0,Republic,36.94,5440000.0,3.98,63.4,7.0,14.96,59.77,17.0,4.74,2.36,102.88,0.00046791,0.215293,41.35,1.12
NAMIBIA,823290.0,,25.3,,,91.5,,,31.4,22.5,3.29,,,,,3.31,
NAURU,21.0,Republic,20.71,10920.0,23.0,,0.066,114.0,7.72,27.0,2.58,1.5,62.0,5.8e-07,6.699147,469.14,2.47
NEPAL,143351.0,Republic,17.26,15600000.0,5.05,71.2,7.0,24.88,24.55,25.3,1.88,4.25,39.05,0.00028135,0.226541,215.55,0.78
NETHERLANDS,33893.0,Monarchy,10.98,16559999.0,4.01,,214.0,907.04,3.34,42.8,1.77,4.86,56.5,0.00023593,12.253828,515.27,1.74
NEW ZEALAND,264537.0,,12.0,,,99.0,,,3.6,37.2,1.9,,,,,19.74,
NICARAGUA,119990.0,Republic,16.3,3933000.0,5.96,82.6,4.0,12.57,18.63,27.3,1.78,10.34,33.3,0.00031822,0.628962,53.0,1.19
NIGER,1266700.0,Republic,46.86,5500000.0,0.75,37.3,2.0,12.93,65.53,14.8,6.73,1.39,45.3,0.00015468,0.07875,20.05,0.38
NIGERIA,910768.0,Republic,34.0,115500000.0,9.79,62.0,104.0,475.06,55.17,18.6,4.57,3.65,21.8,0.00021892,0.450523,253.46,0.25
NORTH MACEDONIA,25433.0,Republic,10.33,1743000.0,16.2,98.4,7.0,12.7,7.16,39.0,1.52,3.96,39.3,0.00055118,3.281132,83.88,1.61
NORWAY,304282.0,Monarchy,11.89,5346000.0,4.99,,36.0,405.69,2.28,39.5,1.83,3.3,36.5,8.874e-05,6.430955,18.4,0.84
OMAN,309500.0,Monarchy,21.62,4320000.0,3.12,95.7,76.0,76.88,14.16,26.2,2.67,3.09,46.9,0.00098855,19.825406,12.39,1.08
PAKISTAN,770875.0,Republic,26.01,48300000.0,4.35,58.0,193.0,253.18,52.73,22.0,3.39,6.49,67.0,0.0007623,0.779314,321.26,0.44
PALAU,459.0,Republic,11.57,6696.0,1.7,96.6,,,11.04,33.9,1.7,-13.33,86.13,,,47.45,
PANAMA,74340.0,Republic,17.71,2992000.0,12.09,95.7,25.0,66.8,15.28,30.1,2.37,15.34,37.8,0.00037425,5.676518,59.24,0.78
PAPUA NEW GUINEA,452860.0,Democracy,28.54,3168000.0,2.75,64.2,6.0,19.82,32.81,24.0,3.85,0.3,48.68,0.00030272,0.611038,21.68,0.77
PARAGUAY,397302.0,Republic,16.15,5159000.0,7.21,94.5,7.0,38.94,22.6,29.7,1.88,4.1,19.5,0.00017976,0.940878,18.73,0.71
PERU,1279996.0,Republic,16.96,24140000.0,4.83,94.5,54.0,230.71,10.8,29.1,2.18,13.35,34.67,0.00023406,1.664603,25.34,0.54
PHILIPPINES,298170.0,,23.69,58300000.0,2.41,96.3,142.0,377.2,21.45,25.7,2.95,5.7,39.9,0.00037646,1.30233,365.68,0.57
POLAND,304255.0,Republic,8.31,32299999.0,3.37,99.8,304.0,595.72,4.1,41.9,1.41,6.85,50.6,0.00051031,8.001734,124.87,1.33
PORTUGAL,91470.0,Republic,7.99,8199999.0,6.65,95.9,50.0,237.7,2.47,44.6,1.44,5.48,125.7,0.00021035,4.89086,111.77,0.92
QATAR,11586.0,Monarchy,9.27,2700000.0,0.26,93.5,111.0,191.29,6.46,33.7,1.9,1.59,53.8,0.00058027,43.837062,218.55,0.87
ROMANIA,229891.0,Republic,8.63,15960000.0,5.17,98.9,68.0,249.54,5.65,42.5,1.63,5.1,57.11,0.0002725,3.710509,79.72,0.99
RUSSIA,16377742.0,Other,9.22,132000000.0,5.01,99.7,1985.0,1702.36,6.33,40.3,1.6,4.75,23.05,0.00116603,14.008575,8.65,0.55
RWANDA,24668.0,Republic,25.7,3900000.0,1.61,75.9,1.0,9.14,25.64,19.7,3.23,10.88,40.5,0.00010941,0.074624,543.24,0.65
SAINT KITTS AND NEVIS,261.0,Democracy,12.1,37920.0,4.5,,0.268,,8.2,38.1,1.76,-0.88,62.9,,4.888994,210.03,
SAINT LUCIA,606.0,Democracy,11.7,140400.0,16.91,,0.659,1.69,11.8,39.0,1.72,12.23,70.7,0.00038994,3.932192,276.55,0.0
SAINT VINCENT AND THE GRENADINES,389.0,Democracy,12.1,85000.0,21.62,,0.202,,12.6,37.0,1.74,1.35,73.8,,2.003889,259.14,
SAMOA,2821.0,Republic,19.0,171600.0,9.84,99.1,0.355,,17.8,26.9,2.37,-7.08,49.1,,1.710835,73.56,
SAN MARINO,61.0,Republic,8.9,25500.0,8.1,99.9,,1.64,6.4,45.9,1.53,-6.65,98.35,,,572.0,3.89
SAO TOME AND PRINCIPE,964.0,Republic,27.4,112200.0,15.91,94.8,0.173,0.0,43.5,20.4,3.44,1.88,88.4,,0.785036,228.6,
SAUDI ARABIA,2149690.0,Monarchy,13.9,36000000.0,7.36,97.6,579.0,792.85,12.0,32.0,1.89,3.24,17.2,0.00073028,16.110271,16.72,0.63
SENEGAL,192530.0,Republic,30.8,4900000.0,6.34,56.3,2.0,13.55,31.8,19.0,4.17,3.9,37.9,0.0001476,0.108786,95.49,1.15
SERBIA,77474.0,Republic,8.9,5589000.0,11.81,99.5,47.0,51.45,4.6,43.7,1.46,7.55,62.5,0.00091351,7.021869,86.4,1.41
SEYCHELLES,455.0,Republic,12.1,90200.0,3.0,95.9,1.0,1.75,10.4,38.2,1.81,7.86,63.6,0.00057143,10.244117,214.54,2.04
SIERRA LEONE,71620.0,Republic,31.5,1047499.0,5.33,47.7,0.899,4.13,72.3,19.2,3.71,4.1,63.9,0.00021768,0.10092,124.38,0.0
SINGAPORE,709.2,Republic,8.9,5369000.0,3.62,97.5,238.0,,1.5,38.9,1.17,7.61,153.41,,39.830083,8425.53,
SLOVAKIA,48105.0,Republic,10.3,4806000.0,6.74,,32.0,105.39,5.3,42.5,1.6,3.01,77.36,0.00030363,5.898271,112.78,2.04
SLOVENIA,20151.0,Republic,8.1,1869000.0,4.42,99.7,13.0,54.16,1.5,45.9,1.6,8.21,73.6,0.00024003,6.191095,104.2,1.83
SOLOMON ISLANDS,27986.0,Democracy,22.3,255600.0,1.03,,0.333,1.3,19.5,24.8,2.82,-0.2,11.46,0.00025615,0.465887,25.54,0.0
SOMALIA,627337.0,Republic,37.7,2465000.0,19.86,,0.882,7.05,85.1,19.0,5.22,4.05,76.7,0.00012511,0.069483,20.23,0.0
SOUTH AFRICA,1214470.0,Republic,18.3,42480000.0,33.56,95.0,470.0,350.03,24.4,30.1,2.31,4.91,53.0,0.00134274,8.096701,47.8,0.67
SOUTH SUDAN,,Republic,37.1,869000.0,13.91,34.5,1.0,3.06,61.6,18.7,5.2,-5.2,62.7,0.0003268,0.082519,,2.84
SPAIN,498980.0,,7.1,2473.0,5.6,98.6,0.033,167.4,2.4,46.3,1.29,7.4,,2e-07,0.000699,94.64,0.16
SRI LANKA,64630.0,Republic,14.6,14740000.0,5.39,92.3,23.0,84.02,6.8,33.9,2.14,3.33,79.1,0.00027374,0.986013,360.92,0.37
SUDAN,1731671.0,Republic,33.3,13248000.0,19.81,60.7,17.0,24.92,41.4,19.1,4.54,-1.87,121.6,0.00068218,0.345546,28.41,0.63
SURINAME,156000.0,Republic,15.2,402600.0,10.06,95.0,2.0,3.42,29.9,31.6,1.91,-2.73,69.3,0.0005848,3.126177,4.1,1.22
SWEDEN,410335.0,Monarchy,10.8,8800000.0,8.66,,48.0,531.35,2.3,41.0,1.67,2.6,44.0,9.034e-05,4.555663,25.68,1.04
SWITZERLAND,39997.0,Republic,10.2,,,,,,3.0,44.0,1.59,,,,,214.11,
SYRIA,185887.0,Republic,22.2,8492468.0,10.57,86.4,26.0,24.6,15.5,23.9,2.74,-3.87,94.8,0.00105691,1.133711,123.37,0.33
TAJIKISTAN,141510.0,Republic,26.4,3009054.0,7.75,99.8,7.0,2.52,23.1,22.7,3.6,9.2,50.4,0.00277778,0.757089,65.34,2.55
TANZANIA,885800.0,Republic,32.9,20480000.0,2.65,81.8,11.0,60.63,30.3,18.9,4.33,4.28,37.0,0.00018143,0.167574,74.11,0.29
THAILAND,510890.0,Monarchy,10.0,61200000.0,1.42,94.1,305.0,543.8,6.4,41.0,1.54,1.53,50.4,0.00056087,4.369941,136.61,1.09
TIMOR-LESTE,14874.0,Republic,30.4,507000.0,5.07,68.1,0.538,2.77,32.9,20.3,4.09,5.29,3.8,0.00019422,0.364488,99.24,1.38
TOGO,54385.0,Republic,31.4,3010000.0,4.0,66.5,2.0,5.23,39.8,20.5,4.18,5.26,75.7,0.00038241,0.22978,160.04,0.79
TONGA,717.0,Monarchy,20.0,73700.0,3.97,99.4,0.171,,12.1,25.4,2.7,-2.67,49.41,,1.625151,146.75,
TRINIDAD AND TOBAGO,5128.0,Republic,10.6,1185000.0,4.8,99.0,39.0,24.03,15.4,38.0,1.63,-1.03,41.8,0.00162297,27.709491,274.47,0.83
TUNISIA,155360.0,Republic,14.1,9480000.0,16.82,82.7,23.0,38.88,11.6,34.0,1.96,4.32,70.3,0.00059156,1.920478,77.09,1.13
TURKEY (TURKIYE),769632.0,Republic,14.0,68850000.0,13.39,96.7,391.0,760.03,18.9,33.6,1.91,11.35,41.97,0.00051445,4.677398,108.61,0.75
TURKMENISTAN,469930.0,Republic,17.2,1563023.0,5.08,99.7,109.0,40.82,36.7,30.7,2.03,6.3,28.8,0.00267026,19.153661,12.11,0.29
TUVALU,26.0,Democracy,22.3,7920.0,,,,40.0,28.3,27.5,2.81,2.99,37.0,,,447.65,1.35
UGANDA,197100.0,Republic,40.3,4600000.0,2.94,79.0,5.0,34.68,29.4,16.1,5.26,3.54,44.19,0.00014418,0.104756,242.16,0.49
UKRAINE,579330.0,Republic,5.8,34596356.0,8.88,100.0,185.0,155.08,9.0,45.3,1.22,3.4,58.72,0.00119293,4.271878,74.75,1.07
UNITED ARAB EMIRATES,83600.0,Other,10.8,9400000.0,3.36,98.1,276.0,421.08,5.1,35.7,1.62,3.92,19.7,0.00065546,27.673476,119.3,1.38
UNITED KINGDOM,241930.0,Monarchy,10.8,65001016.0,4.5,,398.0,2828.0,3.8,40.6,1.63,4.1,95.1,0.00014074,5.841046,281.65,0.37
UNITED STATES,9147593.0,Republic,12.2,311870000.0,3.9,,5006.0,23320.0,5.1,38.5,1.84,5.95,127.1,0.00021467,14.738046,37.13,0.17
URUGUAY,175015.0,Republic,12.7,3060000.0,10.45,98.8,6.0,56.11,8.1,36.2,1.75,4.37,60.4,0.00010693,1.756305,19.52,0.6
UZBEKISTAN,425400.0,Republic,22.2,26180000.0,7.16,100.0,102.0,57.79,18.9,28.7,2.92,7.42,24.3,0.00176501,3.252464,73.72,0.76
VANUATU,12189.0,Republic,21.2,211200.0,2.18,89.1,0.225,870.0,14.0,24.2,2.59,0.45,48.4,2.6e-07,0.718744,25.68,0.67
VENEZUELA,882050.0,Republic,17.0,22734162.0,6.41,97.5,103.0,210.1,14.1,30.8,2.2,-19.67,38.9,0.00049024,3.375029,34.6,0.48
VIETNAM,310070.0,Communist,15.3,71780000.0,2.17,95.8,249.0,259.96,14.4,32.7,2.04,2.56,58.5,0.00095784,2.375973,337.99,2.61
YEMEN,527968.0,Other,24.1,8229624.0,13.57,70.1,10.0,54.36,45.5,21.6,2.91,-5.9,74.5,0.00018396,0.316801,59.79,7.15
ZAMBIA,743398.0,Republic,34.5,3990000.0,13.03,86.7,6.0,25.71,36.3,18.2,4.49,4.6,103.7,0.00023337,0.296794,27.19,0.76
ZIMBABWE,386847.0,Republic,29.4,5600000.0,5.17,89.7,7.0,21.44,34.0,21.0,3.51,8.47,82.3,0.00032649,0.453995,39.86,0.5
